<?xml version="1.0" encoding="utf-8"?><feed xmlns="http://www.w3.org/2005/Atom" ><generator uri="https://jekyllrb.com/" version="4.3.2">Jekyll</generator><link href="http://localhost:4000/feed.xml" rel="self" type="application/atom+xml" /><link href="http://localhost:4000/" rel="alternate" type="text/html" /><updated>2023-11-15T13:37:15-05:00</updated><id>http://localhost:4000/feed.xml</id><title type="html">Your awesome title</title><subtitle>Write an awesome description for your new site here. You can edit this line in _config.yml. It will appear in your document head meta (for Google search results) and in your feed.xml site description.</subtitle><entry><title type="html">milestone2</title><link href="http://localhost:4000/2023/11/12/welcome-to-jekyll.html" rel="alternate" type="text/html" title="milestone2" /><published>2023-11-12T00:00:00-05:00</published><updated>2023-11-12T00:00:00-05:00</updated><id>http://localhost:4000/2023/11/12/welcome-to-jekyll</id><content type="html" xml:base="http://localhost:4000/2023/11/12/welcome-to-jekyll.html"><![CDATA[<p>The plot functions are referred to https://github.com/haooyuee/nhl-shot-analysis</p>

<h2 id="part5-xgboost">Part5 XGBoost</h2>

<h3 id="question1-baseline-model">Question1 Baseline model</h3>

<p>The 4 pictures of the baseline model:</p>

<p><img src="/photo/auc_roc_xgb1.png" alt="example" />
<img src="/photo/goal_ratio_xgb1.png" alt="example" />
<img src="/photo/cumu_xgb1.png" alt="example" /> 
<img src="/photo/cal_xgb1.png" alt="example" />
<a href="https://www.comet.com/ift6758-milestone2-udem/baselines/e605db0e2e8a4590acb86f4a73a2b1ff?experiment-tab=images" title="link to the relevant comet.ml">link to the relevant comet.ml</a></p>

<p>XGBoost with angle and distance has higer AUC/ROC score than all the logistic regression models, but do not has the large difference.</p>

<h3 id="question2-how-i-set-my-hyperparameter">Question2 How I set my hyperparameter</h3>

<p>For XGBoost, I choose f1_score because the data is not balanced. I use cross validation to make the result more robust.
First of all, it is natural to set different max_depth and n_estimators who control the complexity of XGBoost. So I set n_estimators = [100, 150,200], max_depth = [2,3,5].
Second, the learning rate is also important, so I set different learning rates. learning_rate = [0.1,0.01].
Finaly, the data is not balance. So I set different scale_pos_weight to handle it. scale_pos_weight = [1,5,10]</p>

<p>The best parameters are: learning_rate=0.1, max_depth=5, n_estimators=200, scale_pos_weight=5</p>

<table>
  <tbody>
    <tr>
      <td>[link to the relevant comet.ml]([Comet.ml</td>
      <td>Supercharging Machine Learning](https://www.comet.com/ift6758-milestone2-udem/baselines/e997cdfe4e10430d94b28a39d3cb674c?experiment-tab=images)”link to the relevant comet.ml”)</td>
    </tr>
  </tbody>
</table>

<p>The 4 pictures of this model:</p>

<p><img src="/photo/auc_roc_xgb2.png" alt="example" />
<img src="/photo/goal_ratio_xgb2.png" alt="example" />
<img src="/photo/cumu_xgb2.png" alt="example" /> 
<img src="/photo/cal_xgb2.png" alt="example" /></p>

<p>The cmap of this model is:</p>

<p><img src="/photo/cmap_xgb2.png" alt="example" /></p>

<p>The cmap of the baseline model is 
<img src="/photo/cmap_xgb1.png" alt="example" /></p>

<p>And the AUC/ROC score of baseline model is 0.71. We can see that this model is better in the classification of true label, which we are  more interested and has a better performance of AUC/ROC score .</p>

<h3 id="question3-the-feature-selection">Question3 The feature selection</h3>

<p>I have tried PCA with n_components = 0.95, SHAP and the XGBoost.feature_importances_. I have gived up PCA because the confusion matrix of it is horrible.</p>

<p><img src="/photo/PCA.png" alt="example" />
We can see that after PCA, XGBoost will classify all the data as 0, not goal.</p>

<h4 id="the-result-of-top-15-features-selected-by-xgbfeature_importances_">The result of top 15 features selected by xgb.feature_importances_</h4>

<p>I use the top_15<em>features selected by xgb.feature_importances</em> to predict, using also cross validation.
The 4 pictures of this model:
<img src="/photo/auc_roc_xgb3.png =150x" alt="example" />
<img src="/photo/goal_ratio_xgb3.png =150x" alt="example" />
<img src="/photo/cumu_xgb3.png =150x" alt="example" /> 
<img src="/photo/cal_xgb3.png =150x" alt="example" />
<a href="https://www.comet.com/ift6758-milestone2-udem/baselines/30a0dc38439b42f8bcbee7b730f88814?experiment-tab=panels&amp;showOutliers=true&amp;smoothing=0&amp;xAxis=wall" title="link to the relevant comet.ml">link to the relevant comet.ml</a></p>

<p>The best parameters are {‘n_estimators’: 200, ‘max_depth’: 5, ‘scale_pos_weight’: 5, ‘learning_rate’: 0.1}</p>

<h4 id="the-result-of-top-10-features-selected-by-shape-values">The result of top 10 features selected by shape values</h4>

<p>I use the top_10_features selected by shap values to predict, using also cross validation.
The 4 pictures of this model:</p>

<p><img src="/photo/auc_roc_xgb4.png" alt="example" />
<img src="/photo/goal_ratio_xgb4.png" alt="example" />
<img src="/photo/cumu_xgb4.png" alt="example" /> 
<img src="/photo/cal_xgb4.png" alt="example" />
<a href="https://www.comet.com/ift6758-milestone2-udem/baselines/d69f666b93084deb8f1cd67a33229696?experiment-tab=panels&amp;showOutliers=true&amp;smoothing=0&amp;xAxis=wall" title="link to the relevant comet.ml">link to the relevant comet.ml</a></p>

<p>The best parameters are {‘n_estimators’: 150, ‘max_depth’: 5, ‘scale_pos_weight’: 5, ‘learning_rate’: 0.1}</p>

<p>They have the similar performances. So I take a look at their confus matrix.</p>

<p>cmap for top 15 features selected by xgb.feature_importances_:</p>

<p><img src="/photo/cmap_xgb3.png" alt="example" /></p>

<p>cmap for top 10 features selected by shape values:</p>

<p><img src="/photo/cmap_xgb4.png" alt="example" /></p>

<p>The model select the top_15<em>features by xgb.feature_importances</em> has a higher true positif, so I pick this model as the best model for part7.</p>

<h2 id="part6">Part6</h2>
<h3 id="mlp-with-pca">MLP with PCA</h3>

<p>We build a mlp to predict goal/shot. Because the data is not balanced, we used SMOTE, so we can use accuarcy as the metric. We also use PCA to simple the features of model. We have also used drop out for regularization.
I have tried myself to build a structure of MLP, but it works really bad. I have used chatgpt to build a MLP and modified the parameters by myself.
The 4 pictures of this model:</p>

<p><img src="/photo/auc_roc_mlp.png" alt="example" />
<img src="/photo/goal_ratio_mlp.png" alt="example" />
<img src="/photo/cumu_mlp.png" alt="example" /> 
<img src="/photo/cal_mlp.png" alt="example" />
<img src="/photo/cmap_mlp.png" alt="example" /></p>

<p><a href="https://www.comet.com/ift6758-milestone2-udem/baselines/6e2463c7cb6443ebabe1c3a16b11007e?experiment-tab=panels&amp;showOutliers=true&amp;smoothing=0&amp;xAxis=wall" title="link to the relevant comet.ml">link to the relevant comet.ml</a></p>

<p>MLP  uses a lot of techologies but has a bad performance. Besides, it costs more time and ressource(needs GPU). Not a good try, we will not use this model for part 7.</p>]]></content><author><name></name></author><summary type="html"><![CDATA[The plot functions are referred to https://github.com/haooyuee/nhl-shot-analysis]]></summary></entry></feed>