<?xml version="1.0" encoding="utf-8"?><feed xmlns="http://www.w3.org/2005/Atom" ><generator uri="https://jekyllrb.com/" version="4.3.2">Jekyll</generator><link href="http://localhost:4000/feed.xml" rel="self" type="application/atom+xml" /><link href="http://localhost:4000/" rel="alternate" type="text/html" /><updated>2023-11-13T19:54:52-05:00</updated><id>http://localhost:4000/feed.xml</id><title type="html">Your awesome title</title><subtitle>Write an awesome description for your new site here. You can edit this line in _config.yml. It will appear in your document head meta (for Google search results) and in your feed.xml site description.</subtitle><entry><title type="html">milestone2</title><link href="http://localhost:4000/2023/11/12/welcome-to-jekyll.html" rel="alternate" type="text/html" title="milestone2" /><published>2023-11-12T00:00:00-05:00</published><updated>2023-11-12T00:00:00-05:00</updated><id>http://localhost:4000/2023/11/12/welcome-to-jekyll</id><content type="html" xml:base="http://localhost:4000/2023/11/12/welcome-to-jekyll.html"><![CDATA[<h2 id="part5-xgboost">Part5 XGBoost</h2>
<h3 id="question1-baseline-model">Question1 Baseline model</h3>
<p>The 4 pictures of the baseline model:</p>

<p><img src="/photo/auc_roc_xgb1.png" alt="example" />
<img src="/photo/goal_ratio_xgb1.png" alt="example" />
<img src="/photo/cumu_xgb1.png" alt="example" /> 
<img src="/photo/cal_xgb1.png" alt="example" />
<a href="https://www.comet.com/ift6758-milestone2-udem/baselines/c0ea0af075bc4e47ad018daef691101c?experiment-tab=images" title="link to the relevant comet.ml">link to the relevant comet.ml</a></p>

<p>XGBoost with angle and distance has higer AUC/ROC score than all the logistic regression models, but do not has the large difference.</p>

<h3 id="question2-how-i-set-my-hyperparameter">Question2 How I set my hyperparameter</h3>
<p>For XGBoost, I choose f1_score because the data is not balanced. I use cross validation to make the result more robust.
First of all, it is natural to set different max_depth and n_estimators who control the complexity of XGBoost. So I set n_estimators = [100, 150,200], max_depth = [2,3,5].
Second, the learning rate is also important, so I set different learning rates. learning_rate = [0.1,0.01].
Finaly, the data is not balance. So I set different scale_pos_weight to handle it. scale_pos_weight = [1,5,10]</p>

<p>The best parameters are: learning_rate=0.1, max_depth=5, n_estimators=200, scale_pos_weight=5
<a href="https://www.comet.com/ift6758-milestone2-udem/baselines/93dc7f2a7dec46338808d0f97f3018cf?experiment-tab=images" title="link to the relevant comet.ml">link to the relevant comet.ml</a></p>

<p>The 4 pictures of this model:</p>

<p><img src="/photo/auc_roc_xgb2.png" alt="example" />
<img src="/photo/goal_ratio_xgb2.png" alt="example" />
<img src="/photo/cumu_xgb2.png" alt="example" /> 
<img src="/photo/cal_xgb2.png" alt="example" /></p>

<p>The cmap of this model is:</p>

<p><img src="/photo/cmap_xgb2.png" alt="example" /></p>

<p>The cmap of the baseline model is 
<img src="/photo/cmap_xgb1.png" alt="example" /></p>

<p>And the AUC/ROC score of baseline model is 0.71. We can see that this model is better in the classification of true label, which we are  more interested and has a better performance of AUC/ROC score .</p>

<h3 id="question3-the-feature-selection">Question3 The feature selection</h3>
<p>I have tried PCA with n_components = 0.95, SHAP and the XGBoost.feature_importances_. I have gived up PCA because the confusion matrix of it is horrible.</p>

<p><img src="/photo/PCA.png" alt="example" />
We can see that after PCA, XGBoost will classify all the data as 0, not goal.</p>

<h4 id="the-result-of-top-15-features-selected-by-xgbfeature_importances_">The result of top 15 features selected by xgb.feature_importances_</h4>
<p>I use the top_15<em>features selected by xgb.feature_importances</em> to predict, using also cross validation.
The 4 pictures of this model:
<img src="/photo/auc_roc_xgb3.png =150x" alt="example" />
<img src="/photo/goal_ratio_xgb3.png =150x" alt="example" />
<img src="/photo/cumu_xgb3.png =150x" alt="example" /> 
<img src="/photo/cal_xgb3.png =150x" alt="example" />
<a href="https://www.comet.com/ift6758-milestone2-udem/baselines/af9a66d6e69f4751a20547b01960e88c?experiment-tab=images" title="link to the relevant comet.ml">link to the relevant comet.ml</a>
The best parameters are {‘n_estimators’: 200, ‘max_depth’: 5, ‘scale_pos_weight’: 5, ‘learning_rate’: 0.1}</p>

<h4 id="the-result-of-top-10-features-selected-by-shape-values">The result of top 10 features selected by shape values</h4>
<p>I use the top_10_features selected by shap values to predict, using also cross validation.
The 4 pictures of this model:</p>

<p><img src="/photo/auc_roc_xgb4.png" alt="example" />
<img src="/photo/goal_ratio_xgb4.png" alt="example" />
<img src="/photo/cumu_xgb4.png" alt="example" /> 
<img src="/photo/cal_xgb4.png" alt="example" />
<a href="https://www.comet.com/ift6758-milestone2-udem/baselines/ff58c5bd73df40b0b65eaa14d982cf26?experiment-tab=images" title="link to the relevant comet.ml">link to the relevant comet.ml</a>
The best parameters are {‘n_estimators’: 150, ‘max_depth’: 5, ‘scale_pos_weight’: 5, ‘learning_rate’: 0.1}</p>

<p>They have the similar performances. So I take a look at their confus matrix.</p>

<p>cmap for top 15 features selected by xgb.feature_importances_:</p>

<p><img src="/photo/cmap_xgb3.png" alt="example" /></p>

<p>cmap for top 10 features selected by shape values:</p>

<p><img src="/photo/cmap_xgb4.png" alt="example" /></p>

<p>The model select the top_15<em>features by xgb.feature_importances</em> has a higher true positif, so I pick this model as the best model for part7.</p>

<h2 id="part6">Part6</h2>
<p>We have tried MLP and Random Forest, using the technology PCA and SMOTE.</p>
<h3 id="mlp">MLP</h3>
<p>We build a mlp to predict goal/shot. Because the data is not balanced, we used SMOTE, so we can use accuarcy as the metric.
<a href="https://www.comet.com/ift6758-milestone2-udem/baselines/f4b8f01395304196a8a3a28b28070ae4?experiment-tab=images" title="link to the relevant comet.ml">link to the relevant comet.ml</a>
The 4 pictures of this model:</p>

<p><img src="/photo/auc_roc_mlp.png" alt="example" />
<img src="/photo/goal_ratio_mlp.png" alt="example" />
<img src="/photo/cumu_mlp.png" alt="example" /> 
<img src="/photo/cal_mlp.png" alt="example" /></p>

<p>MLP has an horrible performance.</p>

<h3 id="mlp_pca">MLP_PCA</h3>
<p>We build a mlp with pca to predict goal/shot. We also used SMOTE.
<a href="https://www.comet.com/ift6758-milestone2-udem/baselines/497d9a32c9df492da55a6f82038acb04?experiment-tab=images" title="link to the relevant comet.ml">link to the relevant comet.ml</a></p>]]></content><author><name></name></author><summary type="html"><![CDATA[Part5 XGBoost Question1 Baseline model The 4 pictures of the baseline model:]]></summary></entry></feed>